C_ID,C_NAME,C_EMAIL_ID,C_CONT_NO,C_ADDR,C_TYPE,M_ID
230,Mitchell,Harriette42@ymail.com,9961255787,2100 Block of 27TH AV,Internal Goods,31
3189,Reginald,Matthew951@yahoo.co.in,3555176867,300 Block of ELLIS ST,Wholesale,495
2216,Jaylene,Geraldine867@ymail.co.in,9835395970,1000 Block of MISSION ST,Retail,795
1904,Stacie,Brenda905@ymail.com,3881250181,800 Block of BRYANT ST,Internal Goods,33
7342,Jonathan,Malie282@gmail.com,1507211823,0 Block of DRUMM ST,Wholesale,882
7633,Italia,Fred847@google.co.in,5612381477,3RD ST / FOLSOM ST,Internal Goods,657
2154,Catherine,Clay224@gmail.com,8094222335,GOLDEN GATE AV / PARKER AV,Wholesale,761
5543,Pierre,Alaysha578@hotmail.com,4133741447,1400 Block of DEHARO ST,Wholesale,20
2332,Sheryl,Kelli519@gmail.com,4399641006,FOLSOM ST / 3RD ST,Retail,356
4094,Rory,Ryker154@hotmail.com,7077259810,0 Block of THRIFT ST,Internal Goods,301
3042,Cecile,Johnnie593@hotmail.com,1634188566,100 Block of GOLDEN GATE AV,Wholesale,450
2220,Monte,Zykeria36@google.co.in,6963794710,2400 Block of DIAMOND ST,Wholesale,782
4988,Belle,Selma775@yahoo.co.in,2644171337,FOLSOM ST / CESAR CHAVEZ ST,Wholesale,820
175,Rayshawn,Kathryn298@gmail.com,3057896481,100 Block of LELAND AV,Wholesale,316
4233,Abby,Karl167@google.co.in,3335480444,600 Block of CLEMENT ST,Internal Goods,945
4351,Alonzo,Freda331@yahoo.co.in,1772719208,400 Block of LEAVENWORTH ST,Internal Goods,174
5578,Ray,David216@ymail.com,3581081156,4400 Block of ANZA ST,Wholesale,634
4523,Tiffany,Winnifred436@gmail.com,9811567113,GEARY ST / TAYLOR ST,Wholesale,456
2972,Rosalind,Bryce535@google.co.in,7176117751,1500 Block of NEWCOMB AV,Wholesale,0
6153,Franklin,Maeve922@gmail.com,5362454917,ELLIS ST / JONES ST,Retail,186
4852,Sophie,Seth275@ymail.com,9745073612,24TH ST / MISSION ST,Internal Goods,596
8106,Matthew,Maria344@yahoo.com,4218762280,600 Block of JOHNMUIR DR,Retail,245
3917,Larry,Taron588@yahoo.co.in,2224750233,1700 Block of LYON ST,Internal Goods,17
9377,Elena,Bryce621@google.co.in,8017236646,3100 Block of 20TH AV,Internal Goods,48
5387,Brady,Ramona218@gmail.com,5712616501,1300 Block of COLUMBUS AV,Retail,457
6513,Sapphire,Adrienne107@gmail.com,7065731530,LARKIN ST / POST ST,Retail,944
3965,Gene,Dawn743@yahoo.com,3636499761,800 Block of AMAZON AV,Retail,516
8893,Magdalene,Yessenia134@yahoo.com,6491626668,400 Block of 39TH AV,Retail,847
1897,Norma,Ryan368@ymail.com,8023324199,300 Block of CAPISTRANO AV,Wholesale,504
390,Destiny,Harriette113@ymail.co.in,6958292565,400 Block of POWELL ST,Retail,115
3633,Glory,Jana467@gmail.com,3794685776,HARRIET ST / HOWARD ST,Internal Goods,740
7828,Latasha,Frances207@ymail.co.in,1973040699,1500 Block of TURK ST,Internal Goods,884
2241,Clay,Tiffani841@google.co.in,4120733093,200 Block of SILVER AV,Internal Goods,446
896,Frances,Cecile32@hotmail.com,5785102250,800 Block of BRYANT ST,Internal Goods,74
6361,Dinah,Bryce393@ymail.com,9235867886,2100 Block of LOMBARD ST,Internal Goods,636
6713,Merna,Earle203@google.co.in,7134849334,GOLDEN GATE AV / VANNESS AV,Retail,37
4283,Louise,Danita716@ymail.com,4751700379,800 Block of BRYANT ST,Wholesale,804
9486,Kaitlyn,Raeleigh114@gmail.com,9430559862,POWELL ST / MARKET ST,Wholesale,694
308,Morgan,Guy394@outlook.com,4160161977,CAPP ST / 17TH ST,Retail,198
8927,Courtney,Anastasia108@google.co.in,1660494007,0 Block of SADOWA ST,Wholesale,576
249,Rayshawn,Benita963@gmail.com,2979310129,500 Block of GEARY ST,Retail,754
2620,Eddie,Dianne471@ymail.com,1973879566,0 Block of OFARRELL ST,Retail,547
1164,Maurice,Andrea833@yahoo.co.in,7030699598,2700 Block of FILBERT ST,Internal Goods,656
4711,Taryn,Raul112@outlook.com,2618164744,700 Block of VALLEJO ST,Internal Goods,654
4053,Lazaro,Raven727@yahoo.co.in,6736421797,300 Block of FILLMORE ST,Retail,646
4272,Muriel,Rebecca74@yahoo.co.in,5071378297,0 Block of MYRTLE ST,Retail,250
7005,Dejon,Rosalind124@hotmail.com,3907479910,300 Block of HOLLADAY AV,Retail,81
2308,Peter,Anne714@gmail.com,8175968796,DORLAND ST / GUERRERO ST,Internal Goods,898
5150,Todd,Michael518@yahoo.com,2711085992,23RD ST / DOUGLASS ST,Wholesale,461
693,Stacy,Danielle957@yahoo.co.in,3457826852,5000 Block of 3RD ST,Internal Goods,390
9598,Frank,Heather632@hotmail.com,2858707837,0 Block of 7TH ST,Internal Goods,988
8103,Catherine,Kaitlyn744@yahoo.com,2065509695,3500 Block of 26TH ST,Retail,597
8894,Daren,Eileen529@google.co.in,4133664929,0 Block of MAYNARD ST,Wholesale,916
114,Tiffany,Cheyenne213@outlook.com,5958159146,MISSION ST / 17TH ST,Internal Goods,135
6546,Isidro,Ely630@yahoo.com,1022633285,300 Block of MARKET ST,Wholesale,262
3571,Claude,Irby513@hotmail.com,4283361474,800 Block of CLEMENT ST,Retail,844
7316,Gaylon,Genevieve714@hotmail.com,2950413181,4100 Block of GEARY BL,Retail,169
2478,Adonis,Elliana123@hotmail.com,3513023435,3300 Block of CESAR CHAVEZ ST,Internal Goods,671
1215,Stacy,Katrice318@yahoo.co.in,6379672748,MONTGOMERY ST / BROADWAY ST,Internal Goods,353
5402,Claude,Laverne188@google.co.in,2335838084,17TH ST / SHOTWELL ST,Retail,776
1647,Bambi,Chasity357@yahoo.co.in,2179414351,1900 Block of UNION ST,Internal Goods,205
9423,Isabela,Kyle670@gmail.com,9984833487,600 Block of HEAD ST,Retail,705
6404,Philip,Gene977@ymail.co.in,4771182901,0 Block of 7TH ST,Internal Goods,10
6767,Joe,Marlene682@outlook.com,6825096485,4100 Block of 18TH ST,Wholesale,195
1278,Alonzo,Clay181@hotmail.com,9801474305,2700 Block of FOLSOM ST,Wholesale,136
1334,Philip,Baldemar170@yahoo.co.in,7636788633,800 Block of HOWARD ST,Internal Goods,500
8887,Lola,Claudia529@google.co.in,6328420950,2300 Block of MARKET ST,Retail,969
9858,Jennie,Arya715@ymail.co.in,1174341766,16TH ST / SHOTWELL ST,Wholesale,817
9636,Brennan,Rodney10@ymail.com,9030541371,2000 Block of JERROLD AV,Wholesale,833
9943,Juan,Amelia849@hotmail.com,3573904144,600 Block of 9TH AV,Internal Goods,221
1246,Carlotta,Stephanie808@gmail.com,9998350900,900 Block of GENEVA AV,Retail,77
4527,Austin,Dejon859@ymail.com,3715864347,POLK ST / SUTTER ST,Wholesale,800
3782,Naisha,Lawrence813@gmail.com,8089653286,MISSION ST / 9TH ST,Retail,146
6225,Maurice,Felicity667@ymail.com,9827842133,1400 Block of HARRISON ST,Internal Goods,531
2257,Gabrielle,Kim205@hotmail.com,2998991184,FILLMORE ST / CALIFORNIA ST,Retail,503
9177,Grover,Morgan937@yahoo.com,7591554939,EDDY ST / POLK ST,Wholesale,19
8703,Carter,Hudson500@gmail.com,7320532389,800 Block of BRYANT ST,Internal Goods,897
3514,Claude,Stacy454@hotmail.com,8552082746,800 Block of OAK ST,Wholesale,703
3089,Bianca,Peter111@ymail.co.in,8015529354,300 Block of LEAVENWORTH ST,Internal Goods,249
7253,Frank,Beth644@outlook.com,9700239171,1500 Block of WEBSTER ST,Internal Goods,360
8786,Marie,Devon640@hotmail.com,8588987011,1600 Block of GEARY BL,Internal Goods,327
1211,Neri,Jonathan257@google.co.in,2797657807,500 Block of CRESTLAKE DR,Internal Goods,121
359,Chelsey,Benita200@yahoo.co.in,3420855911,CALIFORNIA ST / FILLMORE ST,Internal Goods,614
2066,Catherine,John780@yahoo.com,5965931339,1700 Block of STEINER ST,Retail,80
4322,Lucien,Jan805@ymail.com,7775860985,700 Block of PERU AV,Internal Goods,401
7773,Aidan,Robert988@google.co.in,2945958018,100 Block of OAK ST,Internal Goods,914
6746,Tomeka,Kaitlyn60@yahoo.com,8157767838,HOWARD ST / 3RD ST,Wholesale,713
6732,Theresa,Stephan274@yahoo.co.in,9712766674,1300 Block of MISSION ST,Internal Goods,568
805,Korie,Emma964@gmail.com,2366659988,400 Block of ELLIS ST,Retail,752
7540,Misael,Monica700@gmail.com,2771856986,4900 Block of MISSION ST,Retail,867
5269,Steven,Pamala451@outlook.com,4717095278,16TH ST / SHOTWELL ST,Retail,980
8404,Tammi,Matt620@yahoo.com,6852398753,700 Block of STANYAN ST,Wholesale,704
519,Rayburn,Kristie659@hotmail.com,8198842186,1400 Block of SACRAMENTO ST,Retail,598
4060,Gordon,Lee224@ymail.co.in,7396097848,HARRISON ST / 6TH ST,Wholesale,932
8860,Zakariya,Roger478@ymail.co.in,4508931602,LAWTON ST / 10TH AV,Retail,834
7164,Otis,Zoya623@gmail.com,8013342363,0 Block of URANUS TR,Retail,209
9792,Curtis,Robert627@yahoo.co.in,4775425957,300 Block of HYDE ST,Retail,330
9934,Gabrielle,Danny201@yahoo.com,2535125840,1100 Block of SUTTER ST,Retail,138
1980,Dani,Ryker409@gmail.com,5833657416,1900 Block of PALOU AV,Retail,981
9251,Sadie,Zelda490@yahoo.co.in,5905581451,17TH ST / CAPP ST,Retail,130
6717,Emma,David957@ymail.com,3742557097,100 Block of LEAVENWORTH ST,Internal Goods,685
3622,Eddie,Jacquelin945@yahoo.com,1157949513,MARKET ST / POWELL ST,Internal Goods,544
8808,Connie,Ardis505@ymail.com,6061993877,SPEAR ST / MARKET ST,Retail,384
4920,Ricky,Scott41@hotmail.com,7395125371,VANNESS AV / CALIFORNIA ST,Retail,467
3140,Patrick,Alexia131@outlook.com,7624401610,100 Block of JONES ST,Wholesale,112
8104,Annie,Donnell940@ymail.co.in,8271413320,0 Block of FREMONT ST,Wholesale,906
2208,Elvia,Trent560@google.co.in,6202223720,300 Block of 14TH ST,Retail,609
7043,Laurette,Gerald85@google.co.in,8194423563,HAROLD AV / BRUCE AV,Retail,379
7485,Austin,Zakariya835@yahoo.com,8529931415,600 Block of TOWNSEND ST,Retail,357
1748,Willie,Artie206@ymail.com,4033094166,0 Block of POWELL ST,Internal Goods,364
9968,Diana,Ryan128@yahoo.com,1840361778,1200 Block of IRVING ST,Retail,69
5330,Amelia,Albertha398@ymail.com,5888927246,TARAVAL ST / 48TH AV,Retail,973
2183,Dennis,Carolyn538@yahoo.co.in,1146373455,7TH ST / MISSION ST,Internal Goods,455
2182,Paige,Ilana40@ymail.co.in,4951091066,EDDY ST / DIVISADERO ST,Retail,247
1087,Lydia,Christa254@gmail.com,3384176833,EDDY ST / JONES ST,Wholesale,491
4296,Kandace,Bobby84@yahoo.com,7174320820,2100 Block of POLK ST,Internal Goods,826
9784,Tianna,Laurence971@yahoo.co.in,2668150446,SANSOME ST / CHESTNUT ST,Internal Goods,400
6210,Roxanne,Trevon752@yahoo.co.in,5992525888,1500 Block of HUDSON AV,Retail,271
5781,Hellen,Jason341@yahoo.com,5391751398,1200 Block of MCALLISTER ST,Retail,110
8306,Zoie,Ramona899@yahoo.com,4305011101,16TH ST / MISSION ST,Retail,277
3270,George,Harvey871@ymail.co.in,3253132607,2200 Block of 14TH AV,Retail,85
6787,Genesis,Ericka392@hotmail.com,3282200761,GOLDEN GATE AV / FILLMORE ST,Wholesale,863
3733,Reymundo,Scott810@ymail.co.in,8831717023,3000 Block of 23RD ST,Internal Goods,731
207,Boyd,Shirley751@gmail.com,6274955877,1500 Block of MCALLISTER ST,Retail,638
3,Janelle,Nevaeh593@outlook.com,9875661422,OAK ST / FILLMORE ST,Internal Goods,275
1896,Bryn,Rayburn250@yahoo.co.in,9976580262,JOHNFKENNEDY DR / TRANSVERSE DR,Retail,278
9631,Eriana,Rayburn258@gmail.com,7191264003,MISSION ST / 20TH ST,Retail,948
3132,Bayley,Sharyn974@ymail.co.in,3477191930,900 Block of HAYES ST,Retail,912
1202,Chasity,Leslie740@ymail.co.in,4935174932,600 Block of PAGE ST,Internal Goods,426
8834,Dejon,Ericka359@ymail.com,6582738747,0 Block of WAVERLY PL,Internal Goods,735
1201,Sydney,Curtis682@hotmail.com,7050577792,MARKET ST / 3RD ST,Internal Goods,666
2573,Bernadine,Alessia799@hotmail.com,8241842420,1000 Block of CONNECTICUT ST,Internal Goods,888
6759,Julianna,Bridgett374@yahoo.com,2604037592,800 Block of NORTHPOINT ST,Internal Goods,310
2601,Gwendolyn,Kelly848@hotmail.com,9380507727,100 Block of 3RD ST,Wholesale,43
2656,Maurice,Francis214@hotmail.com,4722321429,100 Block of TURQUOISE WY,Wholesale,722
9645,Muriel,Stephania835@gmail.com,9598036922,1100 Block of SUTTER ST,Wholesale,233
584,Marie,Zella692@yahoo.co.in,2677043411,900 Block of GEARY ST,Wholesale,392
2121,Holli,Tiffany386@ymail.com,4336869761,HAIGHT ST / MARKET ST,Wholesale,527
2142,Rory,Bernard448@google.co.in,3463358376,MISSION ST / RUSSIA AV,Internal Goods,767
2396,Miley,Parth128@gmail.com,6083580617,19TH ST / YORK ST,Retail,650
8747,Trey,Arlene95@ymail.co.in,3087180828,GEARY ST / STOCKTON ST,Retail,908
4142,Debora,Ronnie261@ymail.co.in,1771412315,700 Block of 14TH ST,Retail,955
9770,Sonja,Anne892@hotmail.com,7962531995,OAKDALE AV / SELBY ST,Wholesale,106
2593,Willie,Kathleen439@outlook.com,5212165773,100 Block of BROOKDALE AV,Wholesale,410
9807,Max,Jalen33@yahoo.com,1106944265,DUNCAN ST / DOUGLASS ST,Retail,311
2525,Danielle,Jensen191@ymail.co.in,9484650144,500 Block of JOHNFKENNEDY DR,Internal Goods,830
1724,Caitlin,Stanley922@ymail.co.in,5023276687,2100 Block of 24TH AV,Internal Goods,805
7146,Enrique,Stanley112@outlook.com,2048989791,900 Block of MARKET ST,Wholesale,351
563,Brenda,Pamela639@google.co.in,8133737988,CHESTNUT ST / COLUMBUS AV,Retail,529
7771,Andre,Isabela532@hotmail.com,3262621948,200 Block of 9TH ST,Retail,52
4789,Eunice,Tiffani333@outlook.com,3426943865,700 Block of MARKET ST,Internal Goods,30
3221,Johnny,Ora822@outlook.com,7803854441,300 Block of ATHENS ST,Retail,421
5197,Christa,Crystal579@outlook.com,9770768694,27TH AV / LAKE ST,Internal Goods,696
8183,Wilbur,Todd405@ymail.co.in,2496040176,2400 Block of MARKET ST,Retail,788
1126,Steve,Frederick409@outlook.com,5597753640,7TH ST / MARKET ST,Wholesale,590
4899,Ronnie,Makala843@ymail.com,6624913103,1000 Block of BUSH ST,Internal Goods,417
4732,Julie,Wayne473@gmail.com,2676477272,1300 Block of HAIGHT ST,Internal Goods,635
4103,Paola,Bart400@outlook.com,7164606551,700 Block of POST ST,Internal Goods,549
7861,Shemar,Leighann675@gmail.com,6448120894,1000 Block of INGERSON AV,Wholesale,877
7764,Albert,Christina573@hotmail.com,8065274712,0 Block of STONEYBROOK AV,Wholesale,690
5345,Kyleigh,Edith189@ymail.co.in,8636405460,3900 Block of MISSION ST,Wholesale,164
6191,Julianna,Milburn442@hotmail.com,7478765147,300 Block of 6TH AV,Retail,279
310,Michaela,Loren171@gmail.com,5704304288,2000 Block of MISSION ST,Internal Goods,574
3095,Stefania,Zoie905@gmail.com,7239777917,EDDY ST / LARKIN ST,Retail,222
2159,Nigel,Coleman372@yahoo.co.in,2543703845,SUTTER ST / FRANKLIN ST,Retail,640
3569,Mavis,Jennifer84@gmail.com,6104073082,700 Block of CABRILLO ST,Retail,896
5958,Todd,Jensen157@gmail.com,5160860537,COLUMBUS AV / CHESTNUT ST,Retail,318
1275,Marion,Cristina330@ymail.com,2792956542,5TH ST / TOWNSEND ST,Retail,953
6357,Adrianna,Annamaria542@ymail.co.in,3676237077,100 Block of EDDY ST,Retail,681
4551,Jaimee,Jennie676@gmail.com,2375791511,OAKDALE AV / RANKIN ST,Wholesale,972
4252,Joe,Eldon965@gmail.com,1578883625,SILVER AV / BOYLSTON ST,Internal Goods,407
2096,Jennifer,Tammi464@google.co.in,3365326918,100 Block of MINNA ST,Internal Goods,226
5209,Peyton,Elise537@google.co.in,8798033999,500 Block of 2ND ST,Retail,762
9271,Joel,Twanna51@outlook.com,5734730611,POWELL ST / GEARY ST,Retail,872
6772,Chasity,Dawn379@gmail.com,7600088539,100 Block of TUCKER AV,Wholesale,473
4628,Darrel,Gael721@hotmail.com,5946963380,2300 Block of BUCHANAN ST,Retail,248
3853,Frank,Joao478@ymail.co.in,2407798660,TARAVAL ST / 44TH AV,Retail,416
515,Christina,Muriel437@yahoo.com,3644687016,1ST ST / MISSION ST,Wholesale,425
7513,Bruno,Valeria27@ymail.com,1848195986,0 Block of STOCKTON ST,Wholesale,435
9030,Fabiola,Yasmeen6@outlook.com,5755404369,100 Block of HYDE ST,Internal Goods,370
2378,Lucien,Cecilia196@hotmail.com,2705083615,MASON ST / TURK ST,Internal Goods,406
5894,Laverne,Brent496@ymail.co.in,2287296780,4400 Block of 3RD ST,Internal Goods,976
7587,Joseph,Gray853@yahoo.co.in,7152577292,100 Block of MARIETTA DR,Internal Goods,349
1424,George,Kenny233@hotmail.com,5818539801,1000 Block of FOLSOM ST,Retail,595
5214,Velma,Jasmine269@hotmail.com,5684234865,1300 Block of MARKET ST,Retail,366
8249,Christy,Kelly404@gmail.com,8687515154,200 Block of RALSTON ST,Retail,39
3172,Catherine,Alysha459@ymail.co.in,9719226221,100 Block of SANBUENAVENTURA WY,Internal Goods,978
5489,Lita,Rashawn68@hotmail.com,4582180805,1400 Block of BROADWAY ST,Retail,623
2037,Stephon,Rita822@google.co.in,1731496685,1300 Block of FRANKLIN ST,Wholesale,751
2401,Demetrius,Jaime171@hotmail.com,2656568705,1000 Block of HYDE ST,Wholesale,899
1303,Evan,Debora90@gmail.com,2383254556,2000 Block of MISSION ST,Internal Goods,396
6798,Rita,Jan949@yahoo.co.in,3546706958,800 Block of MOSCOW ST,Internal Goods,792
9917,Franklin,Van725@yahoo.com,4148247171,NORTHPOINT ST / MASON ST,Wholesale,808
2969,Dianne,Jalen271@gmail.com,8158241511,900 Block of NATOMA ST,Retail,903
8737,Mickey,Samual419@outlook.com,1345806313,LINCOLN WY / 45TH AV,Retail,335
2104,Amy,Holli358@ymail.com,9076432313,UNION ST / LAGUNA ST,Wholesale,784
1702,Eileen,Latasha554@ymail.com,6507962797,500 Block of HOLLOWAY AV,Wholesale,683
8933,Stanley,Alexia103@ymail.com,5130575428,MARKET ST / 4TH ST,Retail,536
3624,Douglas,Beth30@yahoo.co.in,7652369372,1100 Block of MASONIC AV,Internal Goods,142
4892,Jill,Valencia714@yahoo.co.in,9062287896,14TH ST / VALENCIA ST,Wholesale,617
